"sample","presented_frame","pc","symbol"
"0","601","0x1ffc450 <ndsRendererNativeEmitProductionRawTexturedRun+92>","ndsRendererNativeEmitProductionRawTexturedRun"
"1","602","0x209d1f0 <memcmp+44>","memcmp"
"2","604","0x1ffd0ec <ndsRendererNativeShadeProductionActions+2496>","ndsRendererNativeShadeProductionActions"
"3","607","0x20216f6 <syMatrixLookAtReflectF+78>","syMatrixLookAtReflectF"
"4","608","0x1ffc450 <ndsRendererNativeEmitProductionRawTexturedRun+92>","ndsRendererNativeEmitProductionRawTexturedRun"
"5","610","0x1ffc424 <ndsRendererNativeEmitProductionRawTexturedRun+48>","ndsRendererNativeEmitProductionRawTexturedRun"
"6","612","0x200e6bc <ndsRendererLoadHardwareMatrixPair+484>","ndsRendererLoadHardwareMatrixPair"
"7","614","0x1ffc444 <ndsRendererNativeEmitProductionRawTexturedRun+80>","ndsRendererNativeEmitProductionRawTexturedRun"
"8","616","0x201351c <ndsRendererNativeApplyStateSpan+4>","ndsRendererNativeApplyStateSpan"
"9","618","0x200b718 <ndsRendererHardwarePrepareLitDirection+132>","ndsRendererHardwarePrepareLitDirection"
"10","620","0x20135d8 <ndsRendererNativeApplyStateSpan+192>","ndsRendererNativeApplyStateSpan"
"11","622","0x20993ae <__ieee754_sqrtf+90>","__ieee754_sqrtf"
"12","624","0x200fcec <ndsRendererNativeApplyMaterial+220>","ndsRendererNativeApplyMaterial"
"13","626","0x200a85c <ndsRendererSyncTextureTile+140>","ndsRendererSyncTextureTile"
"14","628","0x200e5ec <ndsRendererLoadHardwareMatrixPair+276>","ndsRendererLoadHardwareMatrixPair"
"15","630","0x200e5c4 <ndsRendererLoadHardwareMatrixPair+236>","ndsRendererLoadHardwareMatrixPair"
"16","632","0x1ffdc04 <ndsRendererExecuteNativeFighterOwnerProduction+180>","ndsRendererExecuteNativeFighterOwnerProduction"
"17","634","0x20152fc <ndsRendererMtxMul20p12+96>","ndsRendererMtxMul20p12"
"18","636","0x2015308 <ndsRendererMtxMul20p12+108>","ndsRendererMtxMul20p12"
"19","638","0x20152f0 <ndsRendererMtxMul20p12+84>","ndsRendererMtxMul20p12"
"20","640","0x2015348 <ndsRendererMtxMul20p12+172>","ndsRendererMtxMul20p12"
"21","642","0x1ffccbc <ndsRendererNativeShadeProductionActions+1424>","ndsRendererNativeShadeProductionActions"
"22","644","0x1ff8308 <__aeabi_fmul+60>","__aeabi_fmul"
"23","646","0x200b2d4 <ndsRendererNativeApplyProductionPreamble+4>","ndsRendererNativeApplyProductionPreamble"
"24","649","0x209b98c <_ntrcardRomReadSector+272>","_ntrcardRomReadSector"
"25","650","0x1ff8330 <__aeabi_fmul+100>","__aeabi_fmul"
"26","652","0x200e7c0 <ndsRendererLoadHardwareRawComposedMatrix+112>","ndsRendererLoadHardwareRawComposedMatrix"
"27","654","0x1ffcb84 <ndsRendererNativeShadeProductionActions+1112>","ndsRendererNativeShadeProductionActions"
"28","656","0x20993be <__ieee754_sqrtf+106>","__ieee754_sqrtf"
"29","658","0x200a860 <ndsRendererSyncTextureTile+144>","ndsRendererSyncTextureTile"
"30","660","0x2013578 <ndsRendererNativeApplyStateSpan+96>","ndsRendererNativeApplyStateSpan"
"31","662","0x20993aa <__ieee754_sqrtf+86>","__ieee754_sqrtf"
"32","664","0x1ffdec0 <ndsRendererExecuteNativeFighterOwnerProduction+880>","ndsRendererExecuteNativeFighterOwnerProduction"
"33","666","0x200e7d8 <ndsRendererLoadHardwareRawComposedMatrix+136>","ndsRendererLoadHardwareRawComposedMatrix"
"34","668","0x1ffd028 <ndsRendererNativeShadeProductionActions+2300>","ndsRendererNativeShadeProductionActions"
"35","670","0x200cfd8 <ndsRendererNativeStageLoadNoZMatrix+4>","ndsRendererNativeStageLoadNoZMatrix"
"36","672","0x1ffc444 <ndsRendererNativeEmitProductionRawTexturedRun+80>","ndsRendererNativeEmitProductionRawTexturedRun"
"37","674","0x209db2c <memset+76>","memset"
"38","676","0x1ffd7f0 <ndsRendererNativePrepareProductionRun+1324>","ndsRendererNativePrepareProductionRun"
"39","678","0x200fcf8 <ndsRendererNativeApplyMaterial+232>","ndsRendererNativeApplyMaterial"
"40","680","0x1ffc440 <ndsRendererNativeEmitProductionRawTexturedRun+76>","ndsRendererNativeEmitProductionRawTexturedRun"
"41","682","0x1ffdd8c <ndsRendererExecuteNativeFighterOwnerProduction+572>","ndsRendererExecuteNativeFighterOwnerProduction"
"42","684","0x1ffc440 <ndsRendererNativeEmitProductionRawTexturedRun+76>","ndsRendererNativeEmitProductionRawTexturedRun"
"43","686","0x1ffc434 <ndsRendererNativeEmitProductionRawTexturedRun+64>","ndsRendererNativeEmitProductionRawTexturedRun"
"44","688","0x201c05c <ndsRendererCommitNativeStageSegment+512>","ndsRendererCommitNativeStageSegment"
"45","690","0x201530c <ndsRendererMtxMul20p12+112>","ndsRendererMtxMul20p12"
"46","692","0x1ffc440 <ndsRendererNativeEmitProductionRawTexturedRun+76>","ndsRendererNativeEmitProductionRawTexturedRun"
"47","694","0x200a880 <ndsRendererSyncTextureTile+176>","ndsRendererSyncTextureTile"
"48","696","0x1ffd998 <ndsRendererNativePrepareProductionRun+1748>","ndsRendererNativePrepareProductionRun"
"49","698","0x200e548 <ndsRendererLoadHardwareMatrixPair+112>","ndsRendererLoadHardwareMatrixPair"
"50","700","0x1ffd430 <ndsRendererNativePrepareProductionRun+364>","ndsRendererNativePrepareProductionRun"
"51","702","0x2010818 <ndsRendererHardwareResolveOrBindTexture+220>","ndsRendererHardwareResolveOrBindTexture"
"52","704","0x209db28 <memset+72>","memset"
"53","706","0x200b774 <ndsRendererHardwarePrepareLitDirection+224>","ndsRendererHardwarePrepareLitDirection"
"54","708","0x201c168 <ndsRendererCommitNativeStageSegment+780>","ndsRendererCommitNativeStageSegment"
"55","710","0x209cc9a <memcpy+102>","memcpy"
"56","712","0x2010ff4 <ndsRendererHardwareResolveOrBindTexture+2232>","ndsRendererHardwareResolveOrBindTexture"
"57","714","0x1ffd100 <ndsRendererNativeShadeProductionActions+2516>","ndsRendererNativeShadeProductionActions"
"58","717","0x1ffe8b0 <__aeabi_fadd+84>","__aeabi_fadd"
"59","719","0x2078302 <ftComputerGetObjectiveStatus+434>","ftComputerGetObjectiveStatus"
"60","720","0x202c37c <ndsRendererAdapterBuildNativeMaterialSnapshot+328>","ndsRendererAdapterBuildNativeMaterialSnapshot"
"61","722","0x200ab50 <ndsRendererCombineUsesColor>","ndsRendererCombineUsesColor"
"62","724","0x201530c <ndsRendererMtxMul20p12+112>","ndsRendererMtxMul20p12"
"63","726","0x200e554 <ndsRendererLoadHardwareMatrixPair+124>","ndsRendererLoadHardwareMatrixPair"
"64","728","0x2017094 <ndsRendererMtxMulAffine20p12+508>","ndsRendererMtxMulAffine20p12"
"65","730","0x201349c <ndsRendererNativeApplyStateDelta+496>","ndsRendererNativeApplyStateDelta"
"66","732","0x1ffdc0c <ndsRendererExecuteNativeFighterOwnerProduction+188>","ndsRendererExecuteNativeFighterOwnerProduction"
"67","734","0x1ffdc60 <ndsRendererExecuteNativeFighterOwnerProduction+272>","ndsRendererExecuteNativeFighterOwnerProduction"
"68","736","0x200c164 <ndsRendererCaptureTextureLoad+72>","ndsRendererCaptureTextureLoad"
"69","738","0x1ffdc3c <ndsRendererExecuteNativeFighterOwnerProduction+236>","ndsRendererExecuteNativeFighterOwnerProduction"
"70","740","0x209db02 <memset+34>","memset"
"71","742","0x200e5a4 <ndsRendererLoadHardwareMatrixPair+204>","ndsRendererLoadHardwareMatrixPair"
"72","744","0x200c5a4 <ndsRendererNativeApplyRootLightPreamble+36>","ndsRendererNativeApplyRootLightPreamble"
"73","746","0x200c9c0 <ndsRendererBuildShiftedRawHardwareMatrix+104>","ndsRendererBuildShiftedRawHardwareMatrix"
"74","748","0x1ffdc64 <ndsRendererExecuteNativeFighterOwnerProduction+276>","ndsRendererExecuteNativeFighterOwnerProduction"
"75","750","0x2013408 <ndsRendererNativeApplyStateDelta+348>","ndsRendererNativeApplyStateDelta"
"76","752","0x2015304 <ndsRendererMtxMul20p12+104>","ndsRendererMtxMul20p12"
"77","754","0x1ffc444 <ndsRendererNativeEmitProductionRawTexturedRun+80>","ndsRendererNativeEmitProductionRawTexturedRun"
"78","756","0x200af5c <ndsRendererHardwareTextureKeyHash+152>","ndsRendererHardwareTextureKeyHash"
"79","758","0x1ffd118 <ndsRendererNativeShadeProductionActions+2540>","ndsRendererNativeShadeProductionActions"
"80","760","0x1ffd104 <ndsRendererNativeShadeProductionActions+2520>","ndsRendererNativeShadeProductionActions"
"81","762","0x20993aa <__ieee754_sqrtf+86>","__ieee754_sqrtf"
"82","764","0x20993be <__ieee754_sqrtf+106>","__ieee754_sqrtf"
"83","766","0x200d028 <ndsRendererNativeStageLoadNoZMatrix+84>","ndsRendererNativeStageLoadNoZMatrix"
"84","768","0x209db26 <memset+70>","memset"
"85","770","0x200e590 <ndsRendererLoadHardwareMatrixPair+184>","ndsRendererLoadHardwareMatrixPair"
"86","772","0x2015304 <ndsRendererMtxMul20p12+104>","ndsRendererMtxMul20p12"
"87","774","0x2041984 <ndsFighterMarioFoxDLAllDrawForSlot+6520>","ndsFighterMarioFoxDLAllDrawForSlot"
"88","776","0x1ffdd94 <ndsRendererExecuteNativeFighterOwnerProduction+580>","ndsRendererExecuteNativeFighterOwnerProduction"
"89","778","0x1ffe2d8 <ndsRendererExecuteNativeFighterOwnerProduction+1928>","ndsRendererExecuteNativeFighterOwnerProduction"
"90","780","0x20135f8 <ndsRendererNativeApplyStateSpan+224>","ndsRendererNativeApplyStateSpan"
"91","782","0x1ffdd1c <ndsRendererExecuteNativeFighterOwnerProduction+460>","ndsRendererExecuteNativeFighterOwnerProduction"
"92","784","0x201530c <ndsRendererMtxMul20p12+112>","ndsRendererMtxMul20p12"
"93","786","0x200d080 <ndsRendererNativeStageLoadNoZMatrix+172>","ndsRendererNativeStageLoadNoZMatrix"
"94","788","0x2015314 <ndsRendererMtxMul20p12+120>","ndsRendererMtxMul20p12"
"95","790","0x2015304 <ndsRendererMtxMul20p12+104>","ndsRendererMtxMul20p12"
"96","792","0x20152fc <ndsRendererMtxMul20p12+96>","ndsRendererMtxMul20p12"
"97","794","0x2015304 <ndsRendererMtxMul20p12+104>","ndsRendererMtxMul20p12"
"98","796","0x20152fc <ndsRendererMtxMul20p12+96>","ndsRendererMtxMul20p12"
"99","798","0x2014f5c <ndsRendererNativeStagePrepareRun+640>","ndsRendererNativeStagePrepareRun"
"100","800","0x20152f0 <ndsRendererMtxMul20p12+84>","ndsRendererMtxMul20p12"
"101","802","0x204147c <ndsFighterMarioFoxDLAllDrawForSlot+5232>","ndsFighterMarioFoxDLAllDrawForSlot"
"102","804","0x209db1a <memset+58>","memset"
"103","806","0x201c070 <ndsRendererCommitNativeStageSegment+532>","ndsRendererCommitNativeStageSegment"
"104","808","0x2015310 <ndsRendererMtxMul20p12+116>","ndsRendererMtxMul20p12"
"105","810","0x20152f0 <ndsRendererMtxMul20p12+84>","ndsRendererMtxMul20p12"
"106","812","0x20153a4 <ndsRendererMtxMul20p12+264>","ndsRendererMtxMul20p12"
"107","814","0x200c394 <ndsRendererHardwareUsesLitPrimitiveModulate+44>","ndsRendererHardwareUsesLitPrimitiveModulate"
"108","816","0x20419aa <ndsFighterMarioFoxDLAllDrawForSlot+6558>","ndsFighterMarioFoxDLAllDrawForSlot"
"109","818","0x20153a8 <ndsRendererMtxMul20p12+268>","ndsRendererMtxMul20p12"
"110","820","0x20152e0 <ndsRendererMtxMul20p12+68>","ndsRendererMtxMul20p12"
"111","822","0x2015304 <ndsRendererMtxMul20p12+104>","ndsRendererMtxMul20p12"
"112","824","0x200d064 <ndsRendererNativeStageLoadNoZMatrix+144>","ndsRendererNativeStageLoadNoZMatrix"
"113","826","0x209db24 <memset+68>","memset"
"114","828","0x201530c <ndsRendererMtxMul20p12+112>","ndsRendererMtxMul20p12"
"115","830","0x201538c <ndsRendererMtxMul20p12+240>","ndsRendererMtxMul20p12"
"116","832","0x2041950 <ndsFighterMarioFoxDLAllDrawForSlot+6468>","ndsFighterMarioFoxDLAllDrawForSlot"
"117","834","0x1ff84e0 <__aeabi_fdiv+124>","__aeabi_fdiv"
"118","836","0x20993be <__ieee754_sqrtf+106>","__ieee754_sqrtf"
"119","838","0x200b798 <ndsRendererHardwarePrepareLitDirection+260>","ndsRendererHardwarePrepareLitDirection"
"120","840","0x2011560 <ndsRendererHardwareResolveOrBindTexture+3620>","ndsRendererHardwareResolveOrBindTexture"
"121","842","0x200ba3c <ndsRendererHardwareOutputUsesColor+32>","ndsRendererHardwareOutputUsesColor"
"122","844","0x200d09c <ndsRendererNativeStageLoadNoZMatrix+200>","ndsRendererNativeStageLoadNoZMatrix"
"123","846","0x204191e <ndsFighterMarioFoxDLAllDrawForSlot+6418>","ndsFighterMarioFoxDLAllDrawForSlot"
"124","848","0x202ee46 <ndsRendererAdapterBuildDObjWorldMatrix+42>","ndsRendererAdapterBuildDObjWorldMatrix"
"125","850","0x2014d10 <ndsRendererNativeStagePrepareRun+52>","ndsRendererNativeStagePrepareRun"
"126","852","0x201538c <ndsRendererMtxMul20p12+240>","ndsRendererMtxMul20p12"
"127","854","0x201c02c <ndsRendererCommitNativeStageSegment+464>","ndsRendererCommitNativeStageSegment"
"128","856","0x2015308 <ndsRendererMtxMul20p12+108>","ndsRendererMtxMul20p12"
"129","858","0x202ef8e <ndsRendererAdapterPrepareInitialMatrices+50>","ndsRendererAdapterPrepareInitialMatrices"
"130","860","0x200b924 <ndsRendererHardwareRecordBattleStaticTextureHit+88>","ndsRendererHardwareRecordBattleStaticTextureHit"
"131","862","0x2016f60 <ndsRendererMtxMulAffine20p12+200>","ndsRendererMtxMulAffine20p12"
"132","864","0x202ecf6 <ndsRendererAdapterBuildDObjLocalMatrix+3142>","ndsRendererAdapterBuildDObjLocalMatrix"
"133","866","0x201302c <ndsRendererMtxLoadN64ToDS20p12+140>","ndsRendererMtxLoadN64ToDS20p12"
"134","868","0x20414f0 <ndsFighterMarioFoxDLAllDrawForSlot+5348>","ndsFighterMarioFoxDLAllDrawForSlot"
"135","870","0x2013010 <ndsRendererMtxLoadN64ToDS20p12+112>","ndsRendererMtxLoadN64ToDS20p12"
"136","872","0x200c7fc <ndsRendererHardwareUseTexture+128>","ndsRendererHardwareUseTexture"
"137","874","0x20153b4 <ndsRendererMtxMul20p12+280>","ndsRendererMtxMul20p12"
"138","876","0x200a904 <ndsRendererRecordTextureState+96>","ndsRendererRecordTextureState"
"139","878","0x201c124 <ndsRendererCommitNativeStageSegment+712>","ndsRendererCommitNativeStageSegment"
"140","880","0x1ffc428 <ndsRendererNativeEmitProductionRawTexturedRun+52>","ndsRendererNativeEmitProductionRawTexturedRun"
"141","882","0x1ffc450 <ndsRendererNativeEmitProductionRawTexturedRun+92>","ndsRendererNativeEmitProductionRawTexturedRun"
"142","884","0x1ffc444 <ndsRendererNativeEmitProductionRawTexturedRun+80>","ndsRendererNativeEmitProductionRawTexturedRun"
"143","886","0x2015308 <ndsRendererMtxMul20p12+108>","ndsRendererMtxMul20p12"
"144","888","0x2015320 <ndsRendererMtxMul20p12+132>","ndsRendererMtxMul20p12"
"145","890","0x2015304 <ndsRendererMtxMul20p12+104>","ndsRendererMtxMul20p12"
"146","892","0x201530c <ndsRendererMtxMul20p12+112>","ndsRendererMtxMul20p12"
"147","894","0x1ffd3ec <ndsRendererNativePrepareProductionRun+296>","ndsRendererNativePrepareProductionRun"
"148","896","0x200b8ec <ndsRendererHardwareRecordBattleStaticTextureHit+32>","ndsRendererHardwareRecordBattleStaticTextureHit"
"149","898","0x20137f4 <ndsRendererTransformVertex20p12+116>","ndsRendererTransformVertex20p12"
"150","900","0x209d1f6 <memcmp+50>","memcmp"
"151","902","0x209db2c <memset+76>","memset"
"152","904","0x1ffa250 <ndsRendererSubmitHardwareTriangle+1272>","ndsRendererSubmitHardwareTriangle"
"153","906","0x2041486 <ndsFighterMarioFoxDLAllDrawForSlot+5242>","ndsFighterMarioFoxDLAllDrawForSlot"
"154","908","0x2015308 <ndsRendererMtxMul20p12+108>","ndsRendererMtxMul20p12"
"155","910","0x202e6c6 <ndsRendererAdapterBuildDObjLocalMatrix+1558>","ndsRendererAdapterBuildDObjLocalMatrix"
"156","912","0x2012fe4 <ndsRendererMtxLoadN64ToDS20p12+68>","ndsRendererMtxLoadN64ToDS20p12"
"157","914","0x200d144 <ndsRendererNativeStageLoadNoZMatrix+368>","ndsRendererNativeStageLoadNoZMatrix"
"158","916","0x2014ef4 <ndsRendererNativeStagePrepareRun+536>","ndsRendererNativeStagePrepareRun"
"159","918","0x201530c <ndsRendererMtxMul20p12+112>","ndsRendererMtxMul20p12"
"160","920","0x2015310 <ndsRendererMtxMul20p12+116>","ndsRendererMtxMul20p12"
"161","922","0x2015304 <ndsRendererMtxMul20p12+104>","ndsRendererMtxMul20p12"
"162","925","0x203f864 <ftParamUpdateAnimKeys+220>","ftParamUpdateAnimKeys"
"163","926","0x204003c <ndsFighterMarioFoxDLAllDrawForSlot+48>","ndsFighterMarioFoxDLAllDrawForSlot"
"164","928","0x2015314 <ndsRendererMtxMul20p12+120>","ndsRendererMtxMul20p12"
"165","930","0x2015308 <ndsRendererMtxMul20p12+108>","ndsRendererMtxMul20p12"
"166","932","0x200b8dc <ndsRendererHardwareRecordBattleStaticTextureHit+16>","ndsRendererHardwareRecordBattleStaticTextureHit"
"167","934","0x200e830 <ndsRendererLoadHardwareRawComposedMatrix+224>","ndsRendererLoadHardwareRawComposedMatrix"
"168","936","0x2015344 <ndsRendererMtxMul20p12+168>","ndsRendererMtxMul20p12"
"169","938","0x1ffc4b8 <ndsRendererNativeEmitProductionRawUntexturedRun+80>","ndsRendererNativeEmitProductionRawUntexturedRun"
"170","940","0x1ffc4a8 <ndsRendererNativeEmitProductionRawUntexturedRun+64>","ndsRendererNativeEmitProductionRawUntexturedRun"
"171","942","0x1ffc4b8 <ndsRendererNativeEmitProductionRawUntexturedRun+80>","ndsRendererNativeEmitProductionRawUntexturedRun"
"172","944","0x1ffc738 <ndsRendererNativeShadeProductionActions+12>","ndsRendererNativeShadeProductionActions"
"173","946","0x200a824 <ndsRendererSyncTextureTile+84>","ndsRendererSyncTextureTile"
"174","948","0x2013634 <ndsRendererNativeStageApplyStateSpan+8>","ndsRendererNativeStageApplyStateSpan"
"175","950","0x1ffdd90 <ndsRendererExecuteNativeFighterOwnerProduction+576>","ndsRendererExecuteNativeFighterOwnerProduction"
"176","952","0x2013a58 <ndsRendererNativeStageEmitNoZTriangle+400>","ndsRendererNativeStageEmitNoZTriangle"
"177","954","0x209db26 <memset+70>","memset"
"178","956","0x2015044 <ndsRendererNativeStagePrepareRun+872>","ndsRendererNativeStagePrepareRun"
"179","958","0x200a7fc <ndsRendererSyncTextureTile+44>","ndsRendererSyncTextureTile"
"180","960","0x1ff8268 <__aeabi_l2f+72>","__aeabi_l2f"
"181","962","0x1ffccc4 <ndsRendererNativeShadeProductionActions+1432>","ndsRendererNativeShadeProductionActions"
"182","964","0x1ffc480 <ndsRendererNativeEmitProductionRawUntexturedRun+24>","ndsRendererNativeEmitProductionRawUntexturedRun"
"183","966","0x2015308 <ndsRendererMtxMul20p12+108>","ndsRendererMtxMul20p12"
"184","968","0x200ada8 <ndsRendererHardwareGetLightShadeLut+212>","ndsRendererHardwareGetLightShadeLut"
"185","970","0x2015384 <ndsRendererMtxMul20p12+232>","ndsRendererMtxMul20p12"
"186","972","0x202ebc2 <ndsRendererAdapterBuildDObjLocalMatrix+2834>","ndsRendererAdapterBuildDObjLocalMatrix"
"187","974","0x200b0f0 <ndsRendererHardwareTextureSourceBytes>","ndsRendererHardwareTextureSourceBytes"
"188","976","0x1ffc448 <ndsRendererNativeEmitProductionRawTexturedRun+84>","ndsRendererNativeEmitProductionRawTexturedRun"
"189","978","0x2015308 <ndsRendererMtxMul20p12+108>","ndsRendererMtxMul20p12"
"190","980","0x2015314 <ndsRendererMtxMul20p12+120>","ndsRendererMtxMul20p12"
"191","982","0x2016f7c <ndsRendererMtxMulAffine20p12+228>","ndsRendererMtxMulAffine20p12"
"192","984","0x2013080 <ndsRendererMtxLoadN64ToDS20p12+224>","ndsRendererMtxLoadN64ToDS20p12"
"193","986","0x2041486 <ndsFighterMarioFoxDLAllDrawForSlot+5242>","ndsFighterMarioFoxDLAllDrawForSlot"
"194","988","0x20993aa <__ieee754_sqrtf+86>","__ieee754_sqrtf"
"195","990","0x200cfd8 <ndsRendererNativeStageLoadNoZMatrix+4>","ndsRendererNativeStageLoadNoZMatrix"
"196","992","0x209db08 <memset+40>","memset"
"197","994","0x2041924 <ndsFighterMarioFoxDLAllDrawForSlot+6424>","ndsFighterMarioFoxDLAllDrawForSlot"
"198","996","0x201530c <ndsRendererMtxMul20p12+112>","ndsRendererMtxMul20p12"
"199","998","0x2015310 <ndsRendererMtxMul20p12+116>","ndsRendererMtxMul20p12"
"200","1000","0x2025b52 <ndsRendererAdapterFindStageWorldEntry+78>","ndsRendererAdapterFindStageWorldEntry"
"201","1002","0x2015304 <ndsRendererMtxMul20p12+104>","ndsRendererMtxMul20p12"
"202","1004","0x1ffc4a0 <ndsRendererNativeEmitProductionRawUntexturedRun+56>","ndsRendererNativeEmitProductionRawUntexturedRun"
"203","1006","0x2011d98 <ndsRendererHardwareResolveOrBindTexture+5724>","ndsRendererHardwareResolveOrBindTexture"
"204","1008","0x2014ec0 <ndsRendererNativeStagePrepareRun+484>","ndsRendererNativeStagePrepareRun"
"205","1010","0x209d206 <memcmp+66>","memcmp"
"206","1012","0x2025b06 <ndsRendererAdapterFindStageWorldEntry+2>","ndsRendererAdapterFindStageWorldEntry"
"207","1014","0x2015308 <ndsRendererMtxMul20p12+108>","ndsRendererMtxMul20p12"
"208","1016","0x1ffc428 <ndsRendererNativeEmitProductionRawTexturedRun+52>","ndsRendererNativeEmitProductionRawTexturedRun"
"209","1018","0x1ffc454 <ndsRendererNativeEmitProductionRawTexturedRun+96>","ndsRendererNativeEmitProductionRawTexturedRun"
"210","1020","0x1ffc42c <ndsRendererNativeEmitProductionRawTexturedRun+56>","ndsRendererNativeEmitProductionRawTexturedRun"
"211","1022","0x2015318 <ndsRendererMtxMul20p12+124>","ndsRendererMtxMul20p12"
"212","1024","0x2013994 <ndsRendererNativeStageEmitNoZTriangle+204>","ndsRendererNativeStageEmitNoZTriangle"
"213","1026","0x201530c <ndsRendererMtxMul20p12+112>","ndsRendererMtxMul20p12"
"214","1028","0x209dae2 <memset+2>","memset"
"215","1030","0x20116b4 <ndsRendererHardwareResolveOrBindTexture+3960>","ndsRendererHardwareResolveOrBindTexture"
"216","1032","0x2015310 <ndsRendererMtxMul20p12+116>","ndsRendererMtxMul20p12"
"217","1034","0x2015304 <ndsRendererMtxMul20p12+104>","ndsRendererMtxMul20p12"
"218","1036","0x200ae2c <ndsRendererHardwareGetLightShadeLut+344>","ndsRendererHardwareGetLightShadeLut"
"219","1038","0x2041a8a <ndsFighterMarioFoxDLAllDrawForSlot+6782>","ndsFighterMarioFoxDLAllDrawForSlot"
"220","1040","0x2010e60 <ndsRendererHardwareResolveOrBindTexture+1828>","ndsRendererHardwareResolveOrBindTexture"
"221","1042","0x201c0b0 <ndsRendererCommitNativeStageSegment+596>","ndsRendererCommitNativeStageSegment"
"222","1044","0x209cc9c <memcpy+104>","memcpy"
"223","1046","0x1ffdd64 <ndsRendererExecuteNativeFighterOwnerProduction+532>","ndsRendererExecuteNativeFighterOwnerProduction"
"224","1048","0x1ff84bc <__aeabi_fdiv+88>","__aeabi_fdiv"
"225","1051","0x2001402 <gcPlayDObjAnimJoint+66>","gcPlayDObjAnimJoint"
"226","1052","0x1ffc5d8 <ndsRendererNativeEmitProductionCrossRun+16>","ndsRendererNativeEmitProductionCrossRun"
"227","1054","0x200adf4 <ndsRendererHardwareGetLightShadeLut+288>","ndsRendererHardwareGetLightShadeLut"
"228","1056","0x20135b0 <ndsRendererNativeApplyStateSpan+152>","ndsRendererNativeApplyStateSpan"
"229","1058","0x20150a8 <ndsRendererNativeStagePrepareRun+972>","ndsRendererNativeStagePrepareRun"
"230","1060","0x2013844 <ndsRendererTransformVertex20p12+196>","ndsRendererTransformVertex20p12"
"231","1062","0x201c058 <ndsRendererCommitNativeStageSegment+508>","ndsRendererCommitNativeStageSegment"
"232","1064","0x209db2c <memset+76>","memset"
"233","1066","0x202c29a <ndsRendererAdapterBuildNativeMaterialSnapshot+102>","ndsRendererAdapterBuildNativeMaterialSnapshot"
"234","1068","0x1ffc454 <ndsRendererNativeEmitProductionRawTexturedRun+96>","ndsRendererNativeEmitProductionRawTexturedRun"
"235","1070","0x200b740 <ndsRendererHardwarePrepareLitDirection+172>","ndsRendererHardwarePrepareLitDirection"
"236","1072","0x200c17c <ndsRendererCaptureTextureLoad+96>","ndsRendererCaptureTextureLoad"
"237","1074","0x200a928 <ndsRendererRecordTextureState+132>","ndsRendererRecordTextureState"
"238","1076","0x1ffc440 <ndsRendererNativeEmitProductionRawTexturedRun+76>","ndsRendererNativeEmitProductionRawTexturedRun"
"239","1078","0x1ffd6e0 <ndsRendererNativePrepareProductionRun+1052>","ndsRendererNativePrepareProductionRun"
"240","1080","0x200d064 <ndsRendererNativeStageLoadNoZMatrix+144>","ndsRendererNativeStageLoadNoZMatrix"
"241","1082","0x202ef2c <ndsRendererAdapterBuildDObjWorldMatrix+272>","ndsRendererAdapterBuildDObjWorldMatrix"
"242","1084","0x200ade4 <ndsRendererHardwareGetLightShadeLut+272>","ndsRendererHardwareGetLightShadeLut"
"243","1086","0x200ade4 <ndsRendererHardwareGetLightShadeLut+272>","ndsRendererHardwareGetLightShadeLut"
"244","1088","0x200adbc <ndsRendererHardwareGetLightShadeLut+232>","ndsRendererHardwareGetLightShadeLut"
"245","1090","0x200ad90 <ndsRendererHardwareGetLightShadeLut+188>","ndsRendererHardwareGetLightShadeLut"
"246","1092","0x1ffe884 <__aeabi_fadd+40>","__aeabi_fadd"
"247","1094","0x200ade0 <ndsRendererHardwareGetLightShadeLut+268>","ndsRendererHardwareGetLightShadeLut"
"248","1096","0x200adfc <ndsRendererHardwareGetLightShadeLut+296>","ndsRendererHardwareGetLightShadeLut"
"249","1098","0x200ada0 <ndsRendererHardwareGetLightShadeLut+204>","ndsRendererHardwareGetLightShadeLut"
"250","1100","0x2053708 <ftDisplayMainDrawDefault+132>","ftDisplayMainDrawDefault"
"251","1102","0x2027084 <ndsRendererAdapterBuildNativeStageTopologyStamp+1268>","ndsRendererAdapterBuildNativeStageTopologyStamp"
"252","1104","0x20270be <ndsRendererAdapterBuildNativeStageTopologyStamp+1326>","ndsRendererAdapterBuildNativeStageTopologyStamp"
"253","1106","0x2027086 <ndsRendererAdapterBuildNativeStageTopologyStamp+1270>","ndsRendererAdapterBuildNativeStageTopologyStamp"
"254","1108","0x2026fe0 <ndsRendererAdapterBuildNativeStageTopologyStamp+1104>","ndsRendererAdapterBuildNativeStageTopologyStamp"
"255","1110","0x20153ac <ndsRendererMtxMul20p12+272>","ndsRendererMtxMul20p12"
"256","1112","0x1ffc4a0 <ndsRendererNativeEmitProductionRawUntexturedRun+56>","ndsRendererNativeEmitProductionRawUntexturedRun"
"257","1114","0x1ffc4b8 <ndsRendererNativeEmitProductionRawUntexturedRun+80>","ndsRendererNativeEmitProductionRawUntexturedRun"
"258","1116","0x1ffc4b8 <ndsRendererNativeEmitProductionRawUntexturedRun+80>","ndsRendererNativeEmitProductionRawUntexturedRun"
"259","1118","0x1ffccf8 <ndsRendererNativeShadeProductionActions+1484>","ndsRendererNativeShadeProductionActions"
"260","1120","0x209db2c <memset+76>","memset"
"261","1122","0x200d158 <ndsRendererNativeStageLoadNoZMatrix+388>","ndsRendererNativeStageLoadNoZMatrix"
"262","1124","0x1ffc440 <ndsRendererNativeEmitProductionRawTexturedRun+76>","ndsRendererNativeEmitProductionRawTexturedRun"
"263","1126","0x1ffc42c <ndsRendererNativeEmitProductionRawTexturedRun+56>","ndsRendererNativeEmitProductionRawTexturedRun"
"264","1128","0x1ffc440 <ndsRendererNativeEmitProductionRawTexturedRun+76>","ndsRendererNativeEmitProductionRawTexturedRun"
"265","1130","0x200a854 <ndsRendererSyncTextureTile+132>","ndsRendererSyncTextureTile"
"266","1132","0x20993be <__ieee754_sqrtf+106>","__ieee754_sqrtf"
"267","1134","0x20993be <__ieee754_sqrtf+106>","__ieee754_sqrtf"
"268","1136","0x1ff8328 <__aeabi_fmul+92>","__aeabi_fmul"
"269","1138","0x1ffe8cc <__aeabi_fadd+112>","__aeabi_fadd"
"270","1140","0x2099388 <__ieee754_sqrtf+52>","__ieee754_sqrtf"
"271","1142","0x2016fe4 <ndsRendererMtxMulAffine20p12+332>","ndsRendererMtxMulAffine20p12"
"272","1144","0x209cca2 <memcpy+110>","memcpy"
"273","1146","0x200a7fc <ndsRendererSyncTextureTile+44>","ndsRendererSyncTextureTile"
"274","1148","0x1ffccb4 <ndsRendererNativeShadeProductionActions+1416>","ndsRendererNativeShadeProductionActions"
"275","1150","0x2015304 <ndsRendererMtxMul20p12+104>","ndsRendererMtxMul20p12"
"276","1152","0x20133f8 <ndsRendererNativeApplyStateDelta+332>","ndsRendererNativeApplyStateDelta"
"277","1154","0x1ffdc30 <ndsRendererExecuteNativeFighterOwnerProduction+224>","ndsRendererExecuteNativeFighterOwnerProduction"
"278","1156","0x202ee54 <ndsRendererAdapterBuildDObjWorldMatrix+56>","ndsRendererAdapterBuildDObjWorldMatrix"
"279","1158","0x1ffdc28 <ndsRendererExecuteNativeFighterOwnerProduction+216>","ndsRendererExecuteNativeFighterOwnerProduction"
"280","1160","0x200e7d4 <ndsRendererLoadHardwareRawComposedMatrix+132>","ndsRendererLoadHardwareRawComposedMatrix"
"281","1162","0x1ffdcfc <ndsRendererExecuteNativeFighterOwnerProduction+428>","ndsRendererExecuteNativeFighterOwnerProduction"
"282","1164","0x201c4d8 <ndsRendererCommitNativeStageSegment+1660>","ndsRendererCommitNativeStageSegment"
"283","1166","0x20217d2 <syMatrixLookAtReflectF+298>","syMatrixLookAtReflectF"
"284","1168","0x2016f70 <ndsRendererMtxMulAffine20p12+216>","ndsRendererMtxMulAffine20p12"
"285","1170","0x202deac <ndsRendererAdapterBuildFighterTraRotRpyExact+1076>","ndsRendererAdapterBuildFighterTraRotRpyExact"
"286","1172","0x1ff84c8 <__aeabi_fdiv+100>","__aeabi_fdiv"
"287","1174","0x2012fec <ndsRendererMtxLoadN64ToDS20p12+76>","ndsRendererMtxLoadN64ToDS20p12"
"288","1176","0x2040646 <ndsFighterMarioFoxDLAllDrawForSlot+1594>","ndsFighterMarioFoxDLAllDrawForSlot"
"289","1178","0x2015398 <ndsRendererMtxMul20p12+252>","ndsRendererMtxMul20p12"
"290","1180","0x200c9a0 <ndsRendererBuildShiftedRawHardwareMatrix+72>","ndsRendererBuildShiftedRawHardwareMatrix"
"291","1182","0x2012ff0 <ndsRendererMtxLoadN64ToDS20p12+80>","ndsRendererMtxLoadN64ToDS20p12"
"292","1184","0x209db28 <memset+72>","memset"
"293","1186","0x209db02 <memset+34>","memset"
"294","1188","0x209cc9c <memcpy+104>","memcpy"
"295","1190","0x202c6d2 <ndsRendererAdapterBuildNativeMaterialSnapshot+1182>","ndsRendererAdapterBuildNativeMaterialSnapshot"
"296","1192","0x20419ea <ndsFighterMarioFoxDLAllDrawForSlot+6622>","ndsFighterMarioFoxDLAllDrawForSlot"
"297","1194","0x20419be <ndsFighterMarioFoxDLAllDrawForSlot+6578>","ndsFighterMarioFoxDLAllDrawForSlot"
"298","1196","0x20153bc <ndsRendererMtxMul20p12+288>","ndsRendererMtxMul20p12"
"299","1198","0x201530c <ndsRendererMtxMul20p12+112>","ndsRendererMtxMul20p12"
"300","1200","0x201bf64 <ndsRendererCommitNativeStageSegment+264>","ndsRendererCommitNativeStageSegment"
"301","1202","0x209db2c <memset+76>","memset"
"302","1204","0x2010f54 <ndsRendererHardwareResolveOrBindTexture+2072>","ndsRendererHardwareResolveOrBindTexture"
"303","1206","0x200a888 <ndsRendererSyncTextureTile+184>","ndsRendererSyncTextureTile"
"304","1208","0x209db4a <memset+106>","memset"
"305","1210","0x2041a36 <ndsFighterMarioFoxDLAllDrawForSlot+6698>","ndsFighterMarioFoxDLAllDrawForSlot"
"306","1212","0x20152fc <ndsRendererMtxMul20p12+96>","ndsRendererMtxMul20p12"
"307","1214","0x2015314 <ndsRendererMtxMul20p12+120>","ndsRendererMtxMul20p12"
"308","1216","0x20132d0 <ndsRendererNativeApplyStateDelta+36>","ndsRendererNativeApplyStateDelta"
"309","1218","0x209d1f0 <memcmp+44>","memcmp"
"310","1220","0x2013a24 <ndsRendererNativeStageEmitNoZTriangle+348>","ndsRendererNativeStageEmitNoZTriangle"
"311","1222","0x2015324 <ndsRendererMtxMul20p12+136>","ndsRendererMtxMul20p12"
"312","1224","0x2041a1e <ndsFighterMarioFoxDLAllDrawForSlot+6674>","ndsFighterMarioFoxDLAllDrawForSlot"
"313","1226","0x201533c <ndsRendererMtxMul20p12+160>","ndsRendererMtxMul20p12"
"314","1228","0x2015308 <ndsRendererMtxMul20p12+108>","ndsRendererMtxMul20p12"
"315","1230","0x2015354 <ndsRendererMtxMul20p12+184>","ndsRendererMtxMul20p12"
"316","1232","0x2015304 <ndsRendererMtxMul20p12+104>","ndsRendererMtxMul20p12"
"317","1234","0x20419aa <ndsFighterMarioFoxDLAllDrawForSlot+6558>","ndsFighterMarioFoxDLAllDrawForSlot"
"318","1236","0x2015344 <ndsRendererMtxMul20p12+168>","ndsRendererMtxMul20p12"
"319","1238","0x2015354 <ndsRendererMtxMul20p12+184>","ndsRendererMtxMul20p12"
"320","1240","0x2015344 <ndsRendererMtxMul20p12+168>","ndsRendererMtxMul20p12"
"321","1242","0x200c9f8 <ndsRendererBuildShiftedRawHardwareMatrix+160>","ndsRendererBuildShiftedRawHardwareMatrix"
"322","1244","0x20419f6 <ndsFighterMarioFoxDLAllDrawForSlot+6634>","ndsFighterMarioFoxDLAllDrawForSlot"
"323","1246","0x2015304 <ndsRendererMtxMul20p12+104>","ndsRendererMtxMul20p12"
"324","1248","0x2015300 <ndsRendererMtxMul20p12+100>","ndsRendererMtxMul20p12"
"325","1250","0x209db2e <memset+78>","memset"
"326","1252","0x204195e <ndsFighterMarioFoxDLAllDrawForSlot+6482>","ndsFighterMarioFoxDLAllDrawForSlot"
"327","1254","0x2015318 <ndsRendererMtxMul20p12+124>","ndsRendererMtxMul20p12"
"328","1256","0x2041414 <ndsFighterMarioFoxDLAllDrawForSlot+5128>","ndsFighterMarioFoxDLAllDrawForSlot"
"329","1258","0x20152e8 <ndsRendererMtxMul20p12+76>","ndsRendererMtxMul20p12"
"330","1260","0x200d0e4 <ndsRendererNativeStageLoadNoZMatrix+272>","ndsRendererNativeStageLoadNoZMatrix"
"331","1262","0x200ae48 <ndsRendererHardwareGetLightShadeLut+372>","ndsRendererHardwareGetLightShadeLut"
"332","1264","0x1ffc454 <ndsRendererNativeEmitProductionRawTexturedRun+96>","ndsRendererNativeEmitProductionRawTexturedRun"
"333","1266","0x209cc94 <memcpy+96>","memcpy"
"334","1268","0x20419a8 <ndsFighterMarioFoxDLAllDrawForSlot+6556>","ndsFighterMarioFoxDLAllDrawForSlot"
"335","1270","0x1ffc4b4 <ndsRendererNativeEmitProductionRawUntexturedRun+76>","ndsRendererNativeEmitProductionRawUntexturedRun"
"336","1272","0x1ffc4b4 <ndsRendererNativeEmitProductionRawUntexturedRun+76>","ndsRendererNativeEmitProductionRawUntexturedRun"
"337","1274","0x1ffc498 <ndsRendererNativeEmitProductionRawUntexturedRun+48>","ndsRendererNativeEmitProductionRawUntexturedRun"
"338","1276","0x2015008 <ndsRendererNativeStagePrepareRun+812>","ndsRendererNativeStagePrepareRun"
"339","1278","0x1ffdd94 <ndsRendererExecuteNativeFighterOwnerProduction+580>","ndsRendererExecuteNativeFighterOwnerProduction"
"340","1280","0x20135e4 <ndsRendererNativeApplyStateSpan+204>","ndsRendererNativeApplyStateSpan"
"341","1282","0x1ffdc40 <ndsRendererExecuteNativeFighterOwnerProduction+240>","ndsRendererExecuteNativeFighterOwnerProduction"
"342","1284","0x209db28 <memset+72>","memset"
"343","1286","0x200a7d0 <ndsRendererSyncTextureTile>","ndsRendererSyncTextureTile"
"344","1288","0x200a868 <ndsRendererSyncTextureTile+152>","ndsRendererSyncTextureTile"
"345","1290","0x200c7bc <ndsRendererHardwareUseTexture+64>","ndsRendererHardwareUseTexture"
"346","1292","0x200a894 <ndsRendererSyncTextureTile+196>","ndsRendererSyncTextureTile"
"347","1294","0x200b8e4 <ndsRendererHardwareRecordBattleStaticTextureHit+24>","ndsRendererHardwareRecordBattleStaticTextureHit"
"348","1296","0x2016f24 <ndsRendererMtxMulAffine20p12+140>","ndsRendererMtxMulAffine20p12"
"349","1298","0x2025a1e <ndsRendererAdapterFindDObjWorldMatrix+54>","ndsRendererAdapterFindDObjWorldMatrix"
"350","1300","0x2012fe0 <ndsRendererMtxLoadN64ToDS20p12+64>","ndsRendererMtxLoadN64ToDS20p12"
"351","1302","0x2016f94 <ndsRendererMtxMulAffine20p12+252>","ndsRendererMtxMulAffine20p12"
"352","1304","0x202ef22 <ndsRendererAdapterBuildDObjWorldMatrix+262>","ndsRendererAdapterBuildDObjWorldMatrix"
"353","1306","0x20419cc <ndsFighterMarioFoxDLAllDrawForSlot+6592>","ndsFighterMarioFoxDLAllDrawForSlot"
"354","1308","0x20152f0 <ndsRendererMtxMul20p12+84>","ndsRendererMtxMul20p12"
"355","1310","0x20152f4 <ndsRendererMtxMul20p12+88>","ndsRendererMtxMul20p12"
"356","1312","0x209db16 <memset+54>","memset"
"357","1314","0x2015308 <ndsRendererMtxMul20p12+108>","ndsRendererMtxMul20p12"
"358","1316","0x20993ca <__ieee754_sqrtf+118>","__ieee754_sqrtf"
"359","1318","0x202ee1e <ndsRendererAdapterBuildDObjWorldMatrix+2>","ndsRendererAdapterBuildDObjWorldMatrix"
"360","1320","0x1ffde1c <ndsRendererExecuteNativeFighterOwnerProduction+716>","ndsRendererExecuteNativeFighterOwnerProduction"
"361","1322","0x201530c <ndsRendererMtxMul20p12+112>","ndsRendererMtxMul20p12"
"362","1324","0x20150e8 <ndsRendererNativeStagePrepareRun+1036>","ndsRendererNativeStagePrepareRun"
"363","1326","0x2014fc0 <ndsRendererNativeStagePrepareRun+740>","ndsRendererNativeStagePrepareRun"
"364","1328","0x200c420 <ndsRendererHardwareColorSource>","ndsRendererHardwareColorSource"
"365","1330","0x2025a78 <ndsRendererAdapterEnsureStageWorldCache>","ndsRendererAdapterEnsureStageWorldCache"
"366","1332","0x1ffc440 <ndsRendererNativeEmitProductionRawTexturedRun+76>","ndsRendererNativeEmitProductionRawTexturedRun"
"367","1334","0x2041976 <ndsFighterMarioFoxDLAllDrawForSlot+6506>","ndsFighterMarioFoxDLAllDrawForSlot"
"368","1336","0x1ffc438 <ndsRendererNativeEmitProductionRawTexturedRun+68>","ndsRendererNativeEmitProductionRawTexturedRun"
"369","1338","0x1ffc450 <ndsRendererNativeEmitProductionRawTexturedRun+92>","ndsRendererNativeEmitProductionRawTexturedRun"
"370","1340","0x2015308 <ndsRendererMtxMul20p12+108>","ndsRendererMtxMul20p12"
"371","1342","0x209db04 <memset+36>","memset"
"372","1344","0x2015310 <ndsRendererMtxMul20p12+116>","ndsRendererMtxMul20p12"
"373","1346","0x20153bc <ndsRendererMtxMul20p12+288>","ndsRendererMtxMul20p12"
"374","1348","0x1ffde48 <ndsRendererExecuteNativeFighterOwnerProduction+760>","ndsRendererExecuteNativeFighterOwnerProduction"
"375","1350","0x2015360 <ndsRendererMtxMul20p12+196>","ndsRendererMtxMul20p12"
"376","1352","0x209bd88 <__udivsi3+180>","__udivsi3"
"377","1354","0x2015308 <ndsRendererMtxMul20p12+108>","ndsRendererMtxMul20p12"
"378","1356","0x202f3fa <ndsRendererAdapterPrepareInitialMatrices+1182>","ndsRendererAdapterPrepareInitialMatrices"
"379","1358","0x1ffd704 <ndsRendererNativePrepareProductionRun+1088>","ndsRendererNativePrepareProductionRun"
"380","1360","0x2016fa4 <ndsRendererMtxMulAffine20p12+268>","ndsRendererMtxMulAffine20p12"
"381","1362","0x200c9c8 <ndsRendererBuildShiftedRawHardwareMatrix+112>","ndsRendererBuildShiftedRawHardwareMatrix"
"382","1364","0x2013a28 <ndsRendererNativeStageEmitNoZTriangle+352>","ndsRendererNativeStageEmitNoZTriangle"
"383","1366","0x202c7be <ndsRendererAdapterBuildNativeMaterialSnapshot+1418>","ndsRendererAdapterBuildNativeMaterialSnapshot"
"384","1368","0x202ee8a <ndsRendererAdapterBuildDObjWorldMatrix+110>","ndsRendererAdapterBuildDObjWorldMatrix"
"385","1370","0x201530c <ndsRendererMtxMul20p12+112>","ndsRendererMtxMul20p12"
"386","1372","0x2015330 <ndsRendererMtxMul20p12+148>","ndsRendererMtxMul20p12"
"387","1374","0x202df68 <ndsRendererAdapterBuildFighterTraRotRpyExact+1264>","ndsRendererAdapterBuildFighterTraRotRpyExact"
"388","1376","0x202da84 <ndsRendererAdapterBuildFighterTraRotRpyExact+12>","ndsRendererAdapterBuildFighterTraRotRpyExact"
"389","1378","0x20153ac <ndsRendererMtxMul20p12+272>","ndsRendererMtxMul20p12"
"390","1380","0x1ffdc64 <ndsRendererExecuteNativeFighterOwnerProduction+276>","ndsRendererExecuteNativeFighterOwnerProduction"
"391","1382","0x1ffd11c <ndsRendererNativeShadeProductionActions+2544>","ndsRendererNativeShadeProductionActions"
"392","1384","0x2015308 <ndsRendererMtxMul20p12+108>","ndsRendererMtxMul20p12"
"393","1386","0x2025b0e <ndsRendererAdapterFindStageWorldEntry+10>","ndsRendererAdapterFindStageWorldEntry"
"394","1388","0x2011378 <ndsRendererHardwareResolveOrBindTexture+3132>","ndsRendererHardwareResolveOrBindTexture"
"395","1390","0x2012fe4 <ndsRendererMtxLoadN64ToDS20p12+68>","ndsRendererMtxLoadN64ToDS20p12"
"396","1392","0x201530c <ndsRendererMtxMul20p12+112>","ndsRendererMtxMul20p12"
"397","1394","0x20152dc <ndsRendererMtxMul20p12+64>","ndsRendererMtxMul20p12"
"398","1396","0x202c666 <ndsRendererAdapterBuildNativeMaterialSnapshot+1074>","ndsRendererAdapterBuildNativeMaterialSnapshot"
"399","1398","0x1ffdc44 <ndsRendererExecuteNativeFighterOwnerProduction+244>","ndsRendererExecuteNativeFighterOwnerProduction"
"400","1400","0x2015304 <ndsRendererMtxMul20p12+104>","ndsRendererMtxMul20p12"
"401","1402","0x209db2e <memset+78>","memset"
"402","1404","0x200e894 <ndsRendererLoadHardwareMatrices+68>","ndsRendererLoadHardwareMatrices"
"403","1406","0x2015318 <ndsRendererMtxMul20p12+124>","ndsRendererMtxMul20p12"
"404","1408","0x201530c <ndsRendererMtxMul20p12+112>","ndsRendererMtxMul20p12"
"405","1410","0x201544c <ndsRendererComposeMatrix+120>","ndsRendererComposeMatrix"
"406","1412","0x1ffe898 <__aeabi_fadd+60>","__aeabi_fadd"
"407","1414","0x200e55c <ndsRendererLoadHardwareMatrixPair+132>","ndsRendererLoadHardwareMatrixPair"
"408","1416","0x200e7e4 <ndsRendererLoadHardwareRawComposedMatrix+148>","ndsRendererLoadHardwareRawComposedMatrix"
"409","1418","0x209db24 <memset+68>","memset"
"410","1420","0x1ffdc28 <ndsRendererExecuteNativeFighterOwnerProduction+216>","ndsRendererExecuteNativeFighterOwnerProduction"
"411","1422","0x2010f94 <ndsRendererHardwareResolveOrBindTexture+2136>","ndsRendererHardwareResolveOrBindTexture"
"412","1424","0x209db26 <memset+70>","memset"
"413","1426","0x200e5c8 <ndsRendererLoadHardwareMatrixPair+240>","ndsRendererLoadHardwareMatrixPair"
"414","1428","0x20419a6 <ndsFighterMarioFoxDLAllDrawForSlot+6554>","ndsFighterMarioFoxDLAllDrawForSlot"
"415","1430","0x2012ff4 <ndsRendererMtxLoadN64ToDS20p12+84>","ndsRendererMtxLoadN64ToDS20p12"
"416","1432","0x2015318 <ndsRendererMtxMul20p12+124>","ndsRendererMtxMul20p12"
"417","1434","0x20152cc <ndsRendererMtxMul20p12+48>","ndsRendererMtxMul20p12"
"418","1436","0x201531c <ndsRendererMtxMul20p12+128>","ndsRendererMtxMul20p12"
"419","1438","0x1ffdbec <ndsRendererExecuteNativeFighterOwnerProduction+156>","ndsRendererExecuteNativeFighterOwnerProduction"
"420","1440","0x2015304 <ndsRendererMtxMul20p12+104>","ndsRendererMtxMul20p12"
"421","1442","0x2015308 <ndsRendererMtxMul20p12+108>","ndsRendererMtxMul20p12"
"422","1444","0x200c9d0 <ndsRendererBuildShiftedRawHardwareMatrix+120>","ndsRendererBuildShiftedRawHardwareMatrix"
"423","1446","0x204150e <ndsFighterMarioFoxDLAllDrawForSlot+5378>","ndsFighterMarioFoxDLAllDrawForSlot"
"424","1448","0x201531c <ndsRendererMtxMul20p12+128>","ndsRendererMtxMul20p12"
"425","1450","0x1ffdc10 <ndsRendererExecuteNativeFighterOwnerProduction+192>","ndsRendererExecuteNativeFighterOwnerProduction"
"426","1452","0x20152dc <ndsRendererMtxMul20p12+64>","ndsRendererMtxMul20p12"
"427","1454","0x2015310 <ndsRendererMtxMul20p12+116>","ndsRendererMtxMul20p12"
"428","1456","0x20152fc <ndsRendererMtxMul20p12+96>","ndsRendererMtxMul20p12"
"429","1458","0x20152fc <ndsRendererMtxMul20p12+96>","ndsRendererMtxMul20p12"
"430","1460","0x2015304 <ndsRendererMtxMul20p12+104>","ndsRendererMtxMul20p12"
"431","1462","0x209db26 <memset+70>","memset"
"432","1464","0x2015314 <ndsRendererMtxMul20p12+120>","ndsRendererMtxMul20p12"
"433","1466","0x1ff84cc <__aeabi_fdiv+104>","__aeabi_fdiv"
"434","1468","0x1ffcd70 <ndsRendererNativeShadeProductionActions+1604>","ndsRendererNativeShadeProductionActions"
"435","1470","0x1ffe870 <__aeabi_fadd+20>","__aeabi_fadd"
"436","1472","0x200a8dc <ndsRendererRecordTextureState+56>","ndsRendererRecordTextureState"
"437","1474","0x1ffc4b8 <ndsRendererNativeEmitProductionRawUntexturedRun+80>","ndsRendererNativeEmitProductionRawUntexturedRun"
"438","1476","0x2011004 <ndsRendererHardwareResolveOrBindTexture+2248>","ndsRendererHardwareResolveOrBindTexture"
"439","1478","0x2013840 <ndsRendererTransformVertex20p12+192>","ndsRendererTransformVertex20p12"
"440","1480","0x1ffc4a4 <ndsRendererNativeEmitProductionRawUntexturedRun+60>","ndsRendererNativeEmitProductionRawUntexturedRun"
"441","1482","0x209d1ec <memcmp+40>","memcmp"
"442","1484","0x201c32c <ndsRendererCommitNativeStageSegment+1232>","ndsRendererCommitNativeStageSegment"
"443","1486","0x201530c <ndsRendererMtxMul20p12+112>","ndsRendererMtxMul20p12"
"444","1488","0x2015314 <ndsRendererMtxMul20p12+120>","ndsRendererMtxMul20p12"
"445","1490","0x2013090 <ndsRendererMtxLoadN64ToDS20p12+240>","ndsRendererMtxLoadN64ToDS20p12"
"446","1492","0x2016f70 <ndsRendererMtxMulAffine20p12+216>","ndsRendererMtxMulAffine20p12"
"447","1494","0x204153e <ndsFighterMarioFoxDLAllDrawForSlot+5426>","ndsFighterMarioFoxDLAllDrawForSlot"
"448","1496","0x2015308 <ndsRendererMtxMul20p12+108>","ndsRendererMtxMul20p12"
"449","1498","0x1ffd108 <ndsRendererNativeShadeProductionActions+2524>","ndsRendererNativeShadeProductionActions"
